2025;Apr;04;7-11
2025;Apr;04;14-18
2025;May;05;12-16
2025;Jun;06;10-13
2025;Jun;06;16-20
2025;Jun;06;23-27
2025;Aug;08;25-29
2025;Sep;09;22-26
2025;Oct;10;6-10
2025;Oct;10;13-17
2025;Nov;11;13-14
2025;Nov;11;17-21
2025;Dec;12;8-12
2025;Dec;12;15-19
2026;Jan;01;12-16
2026;Feb;02;16-20
2026;Mar;03;2-6
2026;Mar;03;16-20
2026;Apr;04;13-17
2026;Apr;04;20-24
2026;May;05;18-22
2026;Jun;06;1-5
2026;Jun;06;8-12
2026;Jun;06;29-30
2026;Jul;07;1-3
2026;Aug;08;24-28
2026;Sep;09;25
2026;Sep;09;28-30
2026;Oct;10;1-2
2026;Oct;10;26-30
2026;Nov;11;23-27
2026;Nov;11;30
2026;Dec;12;1-4
2026;Dec;12;14-18
2027;Jan;01;25-29
2027;Feb;02;15-19
2027;Feb;02;22-26
2027;Mar;03;15-19
2027;Mar;03;31
2027;Apr;04;1-2
2027;Apr;04;5-6
